price_bin,net_load_bin,soc_bin,time_block,weekend,q_discharge,q_hold,q_charge,visits_discharge,visits_hold,visits_charge,state_visits,best_action,best_action_index,best_environment_action
0,0,0,0,0,0.0,0.0,0.0,0,0,0,0,hold,1,0
0,0,0,0,1,0.0,0.0,0.0,0,0,0,0,hold,1,0
0,0,0,1,0,-59.13542798974405,-58.08506895387926,-61.85502445688784,1218,1579,252,3049,hold,1,0
0,0,0,1,1,-48.319809149154686,-45.60941842784288,-49.40774262039747,1211,1270,372,2853,hold,1,0
0,0,0,2,0,-62.130842926611066,-60.30556398863065,-61.54517777232043,6464,4669,2357,13490,hold,1,0
0,0,0,2,1,-51.60691106826838,-48.72935912291922,-54.23101991417692,1941,1837,1073,4851,hold,1,0
0,0,0,3,0,0.0,0.0,0.0,0,0,0,0,hold,1,0
0,0,0,3,1,0.0,0.0,0.0,0,0,0,0,hold,1,0
0,0,1,0,0,0.0,0.0,0.0,0,0,0,0,hold,1,0
0,0,1,0,1,0.0,0.0,0.0,0,0,0,0,hold,1,0
0,0,1,1,0,-57.03600502507397,-58.578737022769545,-58.975389946356344,351,265,125,741,discharge,0,-1
0,0,1,1,1,-45.53642282192061,-42.55471923708997,-47.634000837907564,556,1030,157,1743,hold,1,0
0,0,1,2,0,-58.102732295068364,-61.41920783577603,-63.25060053505725,1177,1519,735,3431,discharge,0,-1
0,0,1,2,1,-50.789490598813586,-50.427655957158336,-50.99129470631111,1937,1455,527,3919,hold,1,0
0,0,1,3,0,0.0,0.0,0.0,0,0,0,0,hold,1,0
0,0,1,3,1,0.0,0.0,0.0,0,0,0,0,hold,1,0
0,0,2,0,0,0.0,0.0,0.0,0,0,0,0,hold,1,0
0,0,2,0,1,0.0,0.0,0.0,0,0,0,0,hold,1,0
0,0,2,1,0,-56.884735764895055,-57.789307250613135,-58.618885788743576,407,510,264,1181,discharge,0,-1
0,0,2,1,1,-46.086336513444785,-46.06784043780255,-46.551261753466996,825,695,318,1838,hold,1,0
0,0,2,2,0,-61.11646581401315,-60.89010679515045,-59.62569686790294,2827,2461,2283,7571,charge,2,1
0,0,2,2,1,-49.42511686180624,-51.326799401972266,-51.4321050013877,2337,1939,1327,5603,discharge,0,-1
0,0,2,3,0,0.0,0.0,0.0,0,0,0,0,hold,1,0
0,0,2,3,1,0.0,0.0,0.0,0,0,0,0,hold,1,0
0,0,3,0,0,0.0,0.0,0.0,0,0,0,0,hold,1,0
0,0,3,0,1,0.0,0.0,0.0,0,0,0,0,hold,1,0
0,0,3,1,0,-55.51316932807809,-56.69969792101308,-56.479783374208886,689,488,452,1629,discharge,0,-1
0,0,3,1,1,-46.22794835239353,-46.29183054573699,-46.409117750826674,1233,1237,896,3366,discharge,0,-1
0,0,3,2,0,-60.40513628468034,-61.21317360613055,-59.092666585883904,5389,6631,5088,17108,charge,2,1
0,0,3,2,1,-49.82150534284392,-49.755673174297655,-49.740594505436306,4560,6055,5412,16027,charge,2,1
0,0,3,3,0,0.0,0.0,0.0,0,0,0,0,hold,1,0
0,0,3,3,1,0.0,0.0,0.0,0,0,0,0,hold,1,0
0,1,0,0,0,-69.70875698466845,-69.89820169416544,-73.12300344597286,20278,12464,4042,36784,discharge,0,-1
0,1,0,0,1,-54.45005047840684,-52.8975345451269,-56.115469761400625,12193,8907,7399,28499,hold,1,0
0,1,0,1,0,-60.51413842500456,-63.305799101712026,-65.04715841521244,3421,2224,623,6268,discharge,0,-1
0,1,0,1,1,-51.00667891349631,-54.93928766304756,-55.01168469961263,2246,2354,822,5422,discharge,0,-1
0,1,0,2,0,-65.2401366811554,-68.97540836854698,-68.2339737012881,9699,8791,3661,22151,discharge,0,-1
0,1,0,2,1,-58.200415811658985,-58.31258751426887,-59.97207853471826,1629,2415,2323,6367,discharge,0,-1
0,1,0,3,0,-63.90758874004716,-67.81164061267143,-71.22338942841606,877,1207,281,2365,discharge,0,-1
0,1,0,3,1,-55.81626995167236,-63.30598641357459,-66.48287954680274,1730,1992,639,4361,discharge,0,-1
0,1,1,0,0,-69.40697168460002,-69.83473058908989,-70.14860097781374,648,923,425,1996,discharge,0,-1
0,1,1,0,1,-55.6984632304185,-54.20013393353102,-55.47660804316143,755,4043,870,5668,hold,1,0
0,1,1,1,0,-63.14310331697406,-57.858294418449084,-62.42852740315453,550,636,202,1388,hold,1,0
0,1,1,1,1,-52.02725987380673,-51.83643537012263,-52.01506409376499,683,1395,293,2371,hold,1,0
0,1,1,2,0,-61.363060746560194,-68.44096289071274,-68.58187721537203,2004,2316,1445,5765,discharge,0,-1
0,1,1,2,1,-59.688074164931166,-58.145072376586384,-59.87677146245216,1548,3081,861,5490,hold,1,0
0,1,1,3,0,-45.97916222254341,-47.093200641127694,-46.0023689707859,25,27,19,71,discharge,0,-1
0,1,1,3,1,-61.82800468526181,-61.49379580751266,-61.093838766741015,102,102,95,299,charge,2,1
0,1,2,0,0,-69.04223774541946,-68.59619954224326,-71.18254935266837,3303,5922,3287,12512,hold,1,0
0,1,2,0,1,-51.711110892936176,-54.89546477075898,-55.28499434103089,3395,9585,2749,15729,discharge,0,-1
0,1,2,1,0,-58.58162357380067,-61.57934505152466,-63.360137343477035,1492,1003,331,2826,discharge,0,-1
0,1,2,1,1,-51.29899182100203,-53.7011836176788,-50.71521125680064,1615,1261,492,3368,charge,2,1
0,1,2,2,0,-68.08727398189008,-63.48745373537744,-67.4964595486482,5343,3513,2666,11522,hold,1,0
0,1,2,2,1,-57.73887039683711,-58.129166746496466,-58.4280145868302,4035,1607,1092,6734,discharge,0,-1
0,1,2,3,0,-62.64209291478614,-65.4202113028697,-65.09377368982899,227,230,110,567,discharge,0,-1
0,1,2,3,1,-60.54928380124159,-57.94239538771603,-60.044946120322095,284,377,166,827,hold,1,0
0,1,3,0,0,-69.31347737499036,-67.85816606035995,-69.56351217878566,1459,4597,4052,10108,hold,1,0
0,1,3,0,1,-53.2086977025083,-52.50893146999513,-52.28662715498629,2246,5210,2648,10104,charge,2,1
0,1,3,1,0,-60.73263460872285,-59.93783531951277,-60.5771518789776,888,1050,1180,3118,hold,1,0
0,1,3,1,1,-48.65668478454357,-49.254327039699504,-49.89203175968771,1513,1451,1475,4439,discharge,0,-1
0,1,3,2,0,-63.89531215289369,-64.82174836675813,-66.61368033563338,7985,9021,6756,23762,discharge,0,-1
0,1,3,2,1,-56.962187214625594,-54.12438994210322,-55.90439302997174,5830,4851,4128,14809,hold,1,0
0,1,3,3,0,-57.2640574325701,-56.798507328015155,-56.87476446180024,67,67,63,197,hold,1,0
0,1,3,3,1,-58.26972871962593,-58.50997842183827,-57.100229479337656,205,275,233,713,charge,2,1
0,2,0,0,0,-70.92336024664871,-68.0957070675614,-73.9046390921412,15813,14434,3548,33795,hold,1,0
0,2,0,0,1,-55.078162411602634,-52.04215252041682,-58.52986959230461,1237,1910,533,3680,hold,1,0
0,2,0,1,0,-67.296956871645,-70.17452279545657,-70.81393754322886,2416,1413,697,4526,discharge,0,-1
0,2,0,1,1,-55.90594823461342,-55.84597861050629,-59.46988871359763,1824,932,990,3746,hold,1,0
0,2,0,2,0,-69.13115419719303,-74.46148686021861,-75.273961887953,3770,2903,1808,8481,discharge,0,-1
0,2,0,2,1,-62.2657195483439,-66.0847367831963,-65.3631239585389,1308,1105,1245,3658,discharge,0,-1
0,2,0,3,0,-64.10988861799551,-67.87405996700224,-71.48616831673242,1182,1257,301,2740,discharge,0,-1
0,2,0,3,1,-61.29133680840467,-61.94768521057959,-63.68183366760991,899,690,253,1842,discharge,0,-1
0,2,1,0,0,-68.20853028068069,-69.18032671597985,-70.4499336860338,621,715,417,1753,discharge,0,-1
0,2,1,0,1,-52.740526382473234,-54.03542227754389,-53.56007290080946,141,269,135,545,discharge,0,-1
0,2,1,1,0,-71.82997086021378,-71.10930024506051,-70.3771542432356,306,241,209,756,charge,2,1
0,2,1,1,1,-54.70773456573305,-53.59204618659321,-55.22310364460586,328,737,261,1326,hold,1,0
0,2,1,2,0,-68.64682521143895,-73.3498174978182,-74.17322853636708,757,508,714,1979,discharge,0,-1
0,2,1,2,1,-62.48356723162947,-62.31369639328572,-60.858804635994524,307,1083,260,1650,charge,2,1
0,2,1,3,0,-58.9356463020422,-59.21756605452685,-58.548521611387145,31,34,28,93,charge,2,1
0,2,1,3,1,-59.833284638115614,-61.065137423912574,-60.63446224114156,109,120,67,296,discharge,0,-1
0,2,2,0,0,-69.78998464496956,-68.19688818370435,-69.46842365373725,3735,4770,3217,11722,hold,1,0
0,2,2,0,1,-53.620030536076186,-52.74186692813802,-53.67459300159465,334,1508,367,2209,hold,1,0
0,2,2,1,0,-65.99345809144887,-68.15625038733758,-69.74903652792702,900,812,385,2097,discharge,0,-1
0,2,2,1,1,-54.891257553554006,-53.396009371439746,-53.475245766549605,546,1243,573,2362,hold,1,0
0,2,2,2,0,-67.87588036481169,-71.50220208478925,-70.4720032228755,1596,1440,1522,4558,discharge,0,-1
0,2,2,2,1,-61.648833832499776,-61.34295435362751,-60.01125362168208,584,1283,1063,2930,charge,2,1
0,2,2,3,0,-67.37693547196417,-64.37552974544009,-67.7965315065365,272,255,198,725,hold,1,0
0,2,2,3,1,-59.249635637329064,-60.97857345650635,-60.374132203641224,183,150,90,423,discharge,0,-1
0,2,3,0,0,-66.23920568281864,-68.12391840629003,-68.17692421796663,1795,3724,3411,8930,discharge,0,-1
0,2,3,0,1,-50.7541419282715,-49.781052602214366,-49.9557171790319,318,479,369,1166,hold,1,0
0,2,3,1,0,-63.12303592469845,-67.20290206073419,-68.29462648205322,576,693,952,2221,discharge,0,-1
0,2,3,1,1,-53.735491732993786,-53.74315122359877,-53.602740692262564,989,676,1101,2766,charge,2,1
0,2,3,2,0,-71.02856803460494,-67.34488603856803,-70.34025238326318,1690,3972,2120,7782,hold,1,0
0,2,3,2,1,-59.16585124340523,-58.05140107567957,-58.952180270522845,853,1809,900,3562,hold,1,0
0,2,3,3,0,-53.60175719848517,-55.15067324781592,-54.77119344474121,75,77,90,242,discharge,0,-1
0,2,3,3,1,-58.5246638689392,-58.04503781773978,-57.74564974546729,161,148,130,439,charge,2,1
0,3,0,0,0,-72.5129963920628,-72.53041947312423,-72.53398474320166,48,49,38,135,discharge,0,-1
0,3,0,0,1,0.0,0.0,0.0,0,0,0,0,hold,1,0
0,3,0,1,0,-73.16305620824896,-76.1061434058449,-75.85957848734924,3575,3104,2093,8772,discharge,0,-1
0,3,0,1,1,-57.84138448981612,-62.76574677774013,-62.744821561667436,573,616,251,1440,discharge,0,-1
0,3,0,2,0,-82.74036409798572,-79.3442116597947,-81.72433335242421,9708,8291,7664,25663,hold,1,0
0,3,0,2,1,-66.8447172401815,-67.70842657905507,-68.81202867692029,3695,2324,1632,7651,discharge,0,-1
0,3,0,3,0,-70.96789537855047,-73.50371784830453,-74.35710766762023,322,284,107,713,discharge,0,-1
0,3,0,3,1,-62.47263495081126,-62.46156615321153,-62.622183193140295,62,67,45,174,hold,1,0
0,3,1,0,0,-5.193697222413661,-9.667184213990232,-5.927974338254314,1,2,2,5,discharge,0,-1
0,3,1,0,1,0.0,0.0,0.0,0,0,0,0,hold,1,0
0,3,1,1,0,-68.89290640914479,-75.70154022677623,-75.97856093493974,520,501,386,1407,discharge,0,-1
0,3,1,1,1,-59.977441361203034,-59.447562022238294,-60.08380270669021,127,198,140,465,hold,1,0
0,3,1,2,0,-77.759298033257,-75.46813995378064,-79.51677881356012,2087,3258,2080,7425,hold,1,0
0,3,1,2,1,-65.49243672514712,-65.3982802354757,-61.28936362125451,420,1581,615,2616,charge,2,1
0,3,1,3,0,-69.24817790749574,-71.48961275886377,-71.60545165224943,145,84,65,294,discharge,0,-1
0,3,1,3,1,-60.059319693407964,-60.1683864756457,-60.05146784136402,52,47,38,137,charge,2,1
0,3,2,0,0,-50.2282287896301,-48.17832939805331,-48.913244947051396,14,13,13,40,hold,1,0
0,3,2,0,1,0.0,0.0,0.0,0,0,0,0,hold,1,0
0,3,2,1,0,-68.38149842163088,-70.556423067059,-73.66177010411863,1096,1646,938,3680,discharge,0,-1
0,3,2,1,1,-56.1204280001349,-59.24618379321952,-59.19159353350524,229,319,292,840,discharge,0,-1
0,3,2,2,0,-77.51431664790495,-77.38039041058991,-74.98425822626527,2560,4248,5421,12229,charge,2,1
0,3,2,2,1,-64.77780716775666,-64.47640057834782,-63.540153432401794,548,1699,1260,3507,charge,2,1
0,3,2,3,0,-67.42806888378881,-70.22872653414527,-70.13410405140719,173,93,71,337,discharge,0,-1
0,3,2,3,1,-59.68262960996728,-59.73987604066246,-59.671626729028354,75,66,53,194,charge,2,1
0,3,3,0,0,-27.58733506133873,-24.465925716788703,-25.17352329884948,7,6,7,20,hold,1,0
0,3,3,0,1,0.0,0.0,0.0,0,0,0,0,hold,1,0
0,3,3,1,0,-71.58537758352986,-70.61057693900577,-71.42989550442974,1233,1345,1563,4141,hold,1,0
0,3,3,1,1,-55.51251218707789,-53.78811383331224,-55.82018683300929,259,373,223,855,hold,1,0
0,3,3,2,0,-74.586492389461,-73.33864428948617,-73.79309806926842,3890,9679,5714,19283,hold,1,0
0,3,3,2,1,-61.93097702203771,-59.30175743981404,-61.01912697509611,1173,2167,1486,4826,hold,1,0
0,3,3,3,0,-68.45507021203798,-69.0575140668793,-68.92727204147721,218,237,201,656,discharge,0,-1
0,3,3,3,1,-57.80408623075459,-58.77556337648469,-58.73129687431157,140,81,74,295,discharge,0,-1
1,0,0,0,0,0.0,0.0,0.0,0,0,0,0,hold,1,0
1,0,0,0,1,0.0,0.0,0.0,0,0,0,0,hold,1,0
1,0,0,1,0,-58.00066496023399,-56.78625295605113,-59.776429331472976,3339,2160,431,5930,hold,1,0
1,0,0,1,1,-42.98721043510911,-44.476091870925615,-47.15454121565827,919,1193,208,2320,discharge,0,-1
1,0,0,2,0,-61.591109042239296,-60.098719971028736,-62.97228802448268,491,406,94,991,hold,1,0
1,0,0,2,1,-43.775158191891066,-44.931443011233945,-44.24814472974994,36,30,24,90,discharge,0,-1
1,0,0,3,0,0.0,0.0,0.0,0,0,0,0,hold,1,0
1,0,0,3,1,0.0,0.0,0.0,0,0,0,0,hold,1,0
1,0,1,0,0,0.0,0.0,0.0,0,0,0,0,hold,1,0
1,0,1,0,1,0.0,0.0,0.0,0,0,0,0,hold,1,0
1,0,1,1,0,-54.4636717388347,-56.934942436454456,-57.98054278675051,793,637,147,1577,discharge,0,-1
1,0,1,1,1,-43.73689066767291,-42.32399480393195,-44.28377625026956,706,625,123,1454,hold,1,0
1,0,1,2,0,-58.348140882174064,-59.40032042440081,-58.99358747017726,98,105,65,268,discharge,0,-1
1,0,1,2,1,-41.4437211334046,-41.15517328623676,-41.227546453616505,23,24,18,65,hold,1,0
1,0,1,3,0,0.0,0.0,0.0,0,0,0,0,hold,1,0
1,0,1,3,1,0.0,0.0,0.0,0,0,0,0,hold,1,0
1,0,2,0,0,0.0,0.0,0.0,0,0,0,0,hold,1,0
1,0,2,0,1,0.0,0.0,0.0,0,0,0,0,hold,1,0
1,0,2,1,0,-54.68716719192745,-55.5986509507009,-56.89099743195794,916,911,298,2125,discharge,0,-1
1,0,2,1,1,-43.57947376222381,-42.79839112010564,-43.715233032350184,635,620,207,1462,hold,1,0
1,0,2,2,0,-58.149037338215436,-57.43835219792637,-58.14818569949427,272,181,92,545,hold,1,0
1,0,2,2,1,-38.72162846017959,-38.102516793988634,-38.91975281740146,21,18,20,59,hold,1,0
1,0,2,3,0,0.0,0.0,0.0,0,0,0,0,hold,1,0
1,0,2,3,1,0.0,0.0,0.0,0,0,0,0,hold,1,0
1,0,3,0,0,0.0,0.0,0.0,0,0,0,0,hold,1,0
1,0,3,0,1,0.0,0.0,0.0,0,0,0,0,hold,1,0
1,0,3,1,0,-55.5832410313444,-53.682967788151714,-56.02508663342962,985,1125,1058,3168,hold,1,0
1,0,3,1,1,-42.765479396305885,-42.821246887453306,-42.770595321273674,623,789,952,2364,discharge,0,-1
1,0,3,2,0,-57.42648229829269,-56.25877302380025,-57.462621728542935,314,422,260,996,hold,1,0
1,0,3,2,1,-49.6517039984807,-50.33780478098882,-50.27402427277888,60,62,64,186,discharge,0,-1
1,0,3,3,0,0.0,0.0,0.0,0,0,0,0,hold,1,0
1,0,3,3,1,0.0,0.0,0.0,0,0,0,0,hold,1,0
1,1,0,0,0,-70.39298735787096,-74.04924301357107,-75.66301933276323,12528,12789,8582,33899,discharge,0,-1
1,1,0,0,1,-55.10784110310257,-57.76199477626428,-58.25345273429376,8578,6753,4151,19482,discharge,0,-1
1,1,0,1,0,-65.48733493713053,-61.66658157235525,-65.6716869261335,8655,7410,1901,17966,hold,1,0
1,1,0,1,1,-50.89238845867915,-55.52627766043369,-55.52842645347793,3355,2335,897,6587,discharge,0,-1
1,1,0,2,0,-65.07381884065879,-71.17021173578038,-73.09838622454825,1675,1433,312,3420,discharge,0,-1
1,1,0,2,1,-58.86643475342814,-59.95185793183533,-60.73715173493318,365,147,86,598,discharge,0,-1
1,1,0,3,0,-62.20409737640358,-66.34256554759398,-69.75763578486115,3731,2872,692,7295,discharge,0,-1
1,1,0,3,1,-65.5298350723326,-58.84849614069029,-67.0524778871592,3188,3038,648,6874,hold,1,0
1,1,1,0,0,-72.46886462416134,-73.44293518369224,-73.29310123459415,498,928,325,1751,discharge,0,-1
1,1,1,0,1,-52.3992660369108,-56.70382761060003,-57.8916830538598,724,2910,550,4184,discharge,0,-1
1,1,1,1,0,-55.89280920361793,-64.65924259805956,-64.34062191434886,1757,1169,623,3549,discharge,0,-1
1,1,1,1,1,-50.53009881070851,-50.88605519324009,-50.36805077769717,750,1713,269,2732,charge,2,1
1,1,1,2,0,-65.33199108777917,-70.69664608598679,-69.4825617448263,501,332,106,939,discharge,0,-1
1,1,1,2,1,-60.502373372771224,-59.837289419905154,-60.69084430004858,191,334,102,627,hold,1,0
1,1,1,3,0,-63.44520524296039,-60.95280675373953,-63.360163244474556,85,108,62,255,hold,1,0
1,1,1,3,1,-63.76414441132687,-60.79980125482627,-63.20310643060135,216,438,149,803,hold,1,0
1,1,2,0,0,-73.42752718858374,-69.93342494508316,-73.62531967909689,4082,5754,1992,11828,hold,1,0
1,1,2,0,1,-51.90097879156966,-56.191406112187515,-56.146237052942375,4028,4141,1192,9361,discharge,0,-1
1,1,2,1,0,-60.255330498073064,-64.464393233755,-64.56873365248758,3594,3186,1063,7843,discharge,0,-1
1,1,2,1,1,-53.532608902435406,-53.72011867541472,-51.70772893168001,1939,1548,501,3988,charge,2,1
1,1,2,2,0,-63.34023183566106,-68.71404650565258,-69.92995024178553,933,749,257,1939,discharge,0,-1
1,1,2,2,1,-57.859692616041905,-58.74752051940662,-59.13489017557904,370,195,127,692,discharge,0,-1
1,1,2,3,0,-64.8860409384572,-66.82078928986397,-67.25288642686452,834,748,251,1833,discharge,0,-1
1,1,2,3,1,-58.81262652765533,-62.11469823759192,-61.952239487669765,705,591,291,1587,discharge,0,-1
1,1,3,0,0,-68.03625786348985,-70.53454458555652,-70.62762645951922,1969,3476,3477,8922,discharge,0,-1
1,1,3,0,1,-52.124272035296556,-53.53630636579665,-53.532545128443715,1724,2736,1513,5973,discharge,0,-1
1,1,3,1,0,-61.04500534353201,-63.21589186530762,-64.03788257188762,2651,2752,3039,8442,discharge,0,-1
1,1,3,1,1,-49.74932764062498,-45.842155304206564,-49.72715209819966,1846,2064,983,4893,hold,1,0
1,1,3,2,0,-67.5441078810247,-65.75609952018694,-67.22484688001848,2267,1249,986,4502,hold,1,0
1,1,3,2,1,-57.54847821531768,-56.59927697848612,-57.232658494580875,1305,701,477,2483,hold,1,0
1,1,3,3,0,-61.495740781558894,-61.577034146261695,-61.078133900690275,202,237,178,617,charge,2,1
1,1,3,3,1,-57.775432066156476,-59.089022756374995,-59.2890897110177,787,687,462,1936,discharge,0,-1
1,2,0,0,0,-70.45232520614583,-73.16340900627742,-76.2970772713588,17028,16631,9172,42831,discharge,0,-1
1,2,0,0,1,-54.48108595187654,-56.75037734803506,-59.09499553547213,1540,828,277,2645,discharge,0,-1
1,2,0,1,0,-69.6795289872864,-69.78061849414675,-72.46592235014302,5727,4260,1966,11953,discharge,0,-1
1,2,0,1,1,-60.644454661183225,-61.185953450133006,-63.09474477442025,2602,2567,1626,6795,discharge,0,-1
1,2,0,2,0,-76.33899537627487,-70.64167131239213,-76.19103346093206,1154,999,239,2392,hold,1,0
1,2,0,2,1,-66.19490801606983,-68.57338766498424,-69.09172069482435,1064,829,292,2185,discharge,0,-1
1,2,0,3,0,-69.8637202765451,-65.50875081485277,-74.25038185085852,8544,7605,1511,17660,hold,1,0
1,2,0,3,1,-63.67701731269346,-61.22214965610155,-65.02376228463113,5118,4534,714,10366,hold,1,0
1,2,1,0,0,-71.2544868807404,-74.68828784134068,-74.52563597219307,745,1172,457,2374,discharge,0,-1
1,2,1,0,1,-53.991431703176524,-55.31833066693607,-55.51567430958373,141,231,106,478,discharge,0,-1
1,2,1,1,0,-72.13020203597142,-62.33387348355093,-75.04808877684857,841,827,460,2128,hold,1,0
1,2,1,1,1,-60.76954620660951,-59.55285221161914,-59.38976605519016,565,1162,437,2164,charge,2,1
1,2,1,2,0,-70.20461086441928,-73.10968368836991,-73.46589515375084,376,222,104,702,discharge,0,-1
1,2,1,2,1,-64.35594057008201,-62.48257875008874,-64.46710909050974,223,379,135,737,hold,1,0
1,2,1,3,0,-68.88770597039249,-72.299543216064,-72.94570983317884,836,487,196,1519,discharge,0,-1
1,2,1,3,1,-62.3971464782344,-61.062740648262434,-63.71493315733614,998,1047,216,2261,hold,1,0
1,2,2,0,0,-72.82392961646703,-70.3327010535167,-73.50355880897176,4667,6482,3852,15001,hold,1,0
1,2,2,0,1,-53.8032043017688,-54.59378040362298,-54.97403404295315,287,805,199,1291,discharge,0,-1
1,2,2,1,0,-66.04624918401072,-71.79460833501011,-71.86828421735221,2791,1779,1250,5820,discharge,0,-1
1,2,2,1,1,-60.09403117639456,-59.252647098253924,-60.781579317272715,1113,1734,1144,3991,hold,1,0
1,2,2,2,0,-73.49299729335047,-71.10691441651122,-74.17776737178828,427,621,256,1304,hold,1,0
1,2,2,2,1,-62.49026584621686,-64.16564436897727,-64.40877467300808,329,612,281,1222,discharge,0,-1
1,2,2,3,0,-66.97740150720821,-69.16147342149894,-70.95982871928632,1620,2103,613,4336,discharge,0,-1
1,2,2,3,1,-59.56470976835304,-61.401762818800016,-62.13653863483018,1595,1406,423,3424,discharge,0,-1
1,2,3,0,0,-71.60932067320354,-71.17162311691564,-71.043201395166,2955,4528,3311,10794,charge,2,1
1,2,3,0,1,-51.278266685235465,-51.208575499549575,-51.32973850812106,245,267,274,786,hold,1,0
1,2,3,1,0,-61.31823801422739,-68.31913815832529,-68.51784232273997,2525,1860,1714,6099,discharge,0,-1
1,2,3,1,1,-56.5674691770911,-54.72809354955881,-56.9542545327057,1579,1239,1032,3850,hold,1,0
1,2,3,2,0,-67.60903008673816,-70.12766659281672,-70.59928348422693,1462,740,600,2802,discharge,0,-1
1,2,3,2,1,-58.86391669498004,-60.690503277874356,-60.80466510102656,624,434,398,1456,discharge,0,-1
1,2,3,3,0,-66.7947429441759,-68.1312444676387,-68.69744926162129,1227,630,628,2485,discharge,0,-1
1,2,3,3,1,-57.44184423970908,-58.93642934265021,-59.2007240078869,2116,847,586,3549,discharge,0,-1
1,3,0,0,0,-63.96884275442496,-64.26763668004361,-64.6624428876316,39,38,21,98,discharge,0,-1
1,3,0,0,1,0.0,0.0,0.0,0,0,0,0,hold,1,0
1,3,0,1,0,-81.47648498677161,-82.67167106857615,-82.27255457459124,12470,9294,9843,31607,discharge,0,-1
1,3,0,1,1,-65.65050400529037,-68.42431061556276,-68.61157466330053,2471,1464,1442,5377,discharge,0,-1
1,3,0,2,0,-80.80469500295125,-84.76732149400631,-84.76859940310267,10742,10282,6278,27302,discharge,0,-1
1,3,0,2,1,-67.8833308831168,-69.0332607625918,-69.85739902452164,3240,2670,750,6660,discharge,0,-1
1,3,0,3,0,-74.15477598659146,-69.65694607137439,-76.46891896955343,4498,5481,1244,11223,hold,1,0
1,3,0,3,1,-63.86702375731607,-65.97294556238475,-66.79403286556142,838,389,148,1375,discharge,0,-1
1,3,1,0,0,-21.377158344072644,-19.62390824694711,-22.029507535383424,5,4,5,14,hold,1,0
1,3,1,0,1,0.0,0.0,0.0,0,0,0,0,hold,1,0
1,3,1,1,0,-79.9147443741149,-74.03665994724466,-80.93270808775719,1731,2836,1457,6024,hold,1,0
1,3,1,1,1,-63.260310341992415,-65.34634769643297,-65.45177702416993,317,764,361,1442,discharge,0,-1
1,3,1,2,0,-80.71888799680679,-80.77172717498661,-78.3541697414804,2080,5168,1688,8936,charge,2,1
1,3,1,2,1,-65.34975053120837,-66.39256797491718,-66.50384864561939,393,1366,263,2022,discharge,0,-1
1,3,1,3,0,-69.16467712418404,-73.44106833303056,-75.46822173252872,2360,491,348,3199,discharge,0,-1
1,3,1,3,1,-62.25985298620432,-63.82708318427835,-64.30528505079728,544,331,112,987,discharge,0,-1
1,3,2,0,0,-39.37084698315051,-39.59472657859229,-41.30486190383572,11,12,11,34,discharge,0,-1
1,3,2,0,1,0.0,0.0,0.0,0,0,0,0,hold,1,0
1,3,2,1,0,-77.5294679349112,-74.29240411904915,-79.09906166292805,3919,5621,3987,13527,hold,1,0
1,3,2,1,1,-62.298435829535975,-65.2574761382891,-65.05558162060481,613,830,985,2428,discharge,0,-1
1,3,2,2,0,-79.73873462477859,-79.4488737933574,-78.992841990123,2413,6710,3321,12444,charge,2,1
1,3,2,2,1,-65.60220244028397,-64.41787072478667,-65.9504948605645,614,1764,472,2850,hold,1,0
1,3,2,3,0,-68.87690885851835,-72.67866337417642,-72.8404272948557,2882,1184,579,4645,discharge,0,-1
1,3,2,3,1,-62.02310473289609,-61.240853060970956,-62.41356490076879,435,338,128,901,hold,1,0
1,3,3,0,0,-49.38990617906429,-50.343053920411435,-51.54140183656786,16,18,20,54,discharge,0,-1
1,3,3,0,1,0.0,0.0,0.0,0,0,0,0,hold,1,0
1,3,3,1,0,-75.54243200286784,-74.93471499277457,-71.27202618936357,4911,4741,4990,14642,charge,2,1
1,3,3,1,1,-60.63115786085643,-60.26910334416907,-60.578274539683136,801,916,636,2353,hold,1,0
1,3,3,2,0,-74.02661693621664,-74.64939323764153,-75.45000345963038,5445,6405,5468,17318,discharge,0,-1
1,3,3,2,1,-62.061082665145555,-62.088031799917545,-60.48979160968356,1243,941,1084,3268,charge,2,1
1,3,3,3,0,-70.24962012552797,-69.37627545769433,-70.46503163729032,3405,2284,1644,7333,hold,1,0
1,3,3,3,1,-58.36666810355631,-59.83682747961596,-60.006843066374834,1031,285,221,1537,discharge,0,-1
2,0,0,0,0,0.0,0.0,0.0,0,0,0,0,hold,1,0
2,0,0,0,1,0.0,0.0,0.0,0,0,0,0,hold,1,0
2,0,0,1,0,-56.45569611337524,-58.53404117696142,-62.229242771305145,845,573,108,1526,discharge,0,-1
2,0,0,1,1,0.0,0.0,0.0,0,0,0,0,hold,1,0
2,0,0,2,0,-62.38737818509223,-59.91350517136465,-62.08369596203949,90,288,43,421,hold,1,0
2,0,0,2,1,-44.619131967774095,-44.68367158606773,-44.71280554560536,49,42,28,119,discharge,0,-1
2,0,0,3,0,0.0,0.0,0.0,0,0,0,0,hold,1,0
2,0,0,3,1,0.0,0.0,0.0,0,0,0,0,hold,1,0
2,0,1,0,0,0.0,0.0,0.0,0,0,0,0,hold,1,0
2,0,1,0,1,0.0,0.0,0.0,0,0,0,0,hold,1,0
2,0,1,1,0,-57.17573104715481,-55.276388812750184,-57.51377967137062,116,192,61,369,hold,1,0
2,0,1,1,1,0.0,0.0,0.0,0,0,0,0,hold,1,0
2,0,1,2,0,-60.55498177508852,-60.38277042359703,-59.94197980649952,39,42,33,114,charge,2,1
2,0,1,2,1,-40.59736493752203,-40.969445872875944,-41.13154520119251,33,33,22,88,discharge,0,-1
2,0,1,3,0,0.0,0.0,0.0,0,0,0,0,hold,1,0
2,0,1,3,1,0.0,0.0,0.0,0,0,0,0,hold,1,0
2,0,2,0,0,0.0,0.0,0.0,0,0,0,0,hold,1,0
2,0,2,0,1,0.0,0.0,0.0,0,0,0,0,hold,1,0
2,0,2,1,0,-56.03578800441275,-56.303685518854245,-56.342761759085036,202,257,84,543,discharge,0,-1
2,0,2,1,1,0.0,0.0,0.0,0,0,0,0,hold,1,0
2,0,2,2,0,-58.52578064761206,-58.33081432304168,-59.08063145669316,65,77,41,183,hold,1,0
2,0,2,2,1,-39.61180065448363,-40.010206429633996,-40.16661312282713,30,30,27,87,discharge,0,-1
2,0,2,3,0,0.0,0.0,0.0,0,0,0,0,hold,1,0
2,0,2,3,1,0.0,0.0,0.0,0,0,0,0,hold,1,0
2,0,3,0,0,0.0,0.0,0.0,0,0,0,0,hold,1,0
2,0,3,0,1,0.0,0.0,0.0,0,0,0,0,hold,1,0
2,0,3,1,0,-55.92518272405617,-55.7865844855181,-55.73442579000821,195,268,299,762,charge,2,1
2,0,3,1,1,0.0,0.0,0.0,0,0,0,0,hold,1,0
2,0,3,2,0,-61.67637319280264,-60.98989646802966,-61.51738802499375,153,185,144,482,hold,1,0
2,0,3,2,1,-43.56448868788536,-43.76221732068084,-43.68756568832673,111,98,97,306,discharge,0,-1
2,0,3,3,0,0.0,0.0,0.0,0,0,0,0,hold,1,0
2,0,3,3,1,0.0,0.0,0.0,0,0,0,0,hold,1,0
2,1,0,0,0,-78.60634123449547,-71.97773992889181,-80.94404863220393,8800,9548,2745,21093,hold,1,0
2,1,0,0,1,-56.500580779790766,-59.487486585644675,-62.33131395439424,2689,3870,725,7284,discharge,0,-1
2,1,0,1,0,-65.63160931522802,-58.14230174273217,-65.90300572985775,3216,2960,646,6822,hold,1,0
2,1,0,1,1,-49.819673337165774,-57.61572882780769,-61.89680493861519,872,705,209,1786,discharge,0,-1
2,1,0,2,0,-66.17469075484522,-69.32296844793652,-72.28980767636183,595,210,58,863,discharge,0,-1
2,1,0,2,1,-42.40134568741556,-41.68090915492828,-43.662746272014616,20,19,14,53,hold,1,0
2,1,0,3,0,-71.42321881395281,-65.96700857670562,-73.84963419545784,3573,2756,657,6986,hold,1,0
2,1,0,3,1,-62.6651982265556,-66.38950399999145,-68.15751226691623,5738,5019,897,11654,discharge,0,-1
2,1,1,0,0,-75.36882062106427,-76.44026811485759,-76.61752938604381,448,620,207,1275,discharge,0,-1
2,1,1,0,1,-55.86021957473958,-59.35743035869271,-59.034495768461724,438,731,199,1368,discharge,0,-1
2,1,1,1,0,-56.28817933222492,-64.0718141050518,-63.55468481759969,840,515,131,1486,discharge,0,-1
2,1,1,1,1,-51.790128372639785,-49.33161311653941,-50.88124817545585,166,420,75,661,hold,1,0
2,1,1,2,0,-65.45794312392695,-67.3738916686658,-67.42580838542862,86,67,34,187,discharge,0,-1
2,1,1,2,1,-51.5578780956446,-51.90217263996712,-52.29173618192483,35,35,22,92,discharge,0,-1
2,1,1,3,0,-66.3446497571587,-66.70933832716486,-66.72649758631948,95,86,72,253,discharge,0,-1
2,1,1,3,1,-61.55673008950788,-62.446424378161005,-63.00787371380303,580,474,130,1184,discharge,0,-1
2,1,2,0,0,-75.53894468863021,-72.53142364979057,-76.94541835784322,2927,3254,985,7166,hold,1,0
2,1,2,0,1,-55.41079795645037,-57.89587634540021,-57.10211806616706,1298,890,342,2530,discharge,0,-1
2,1,2,1,0,-57.21797955879342,-64.5999862616725,-64.85147939656508,1923,785,360,3068,discharge,0,-1
2,1,2,1,1,-53.774989575546456,-53.953925208991485,-52.61391025958163,537,352,134,1023,charge,2,1
2,1,2,2,0,-62.62414526373033,-64.74914556469284,-65.00282213863154,234,96,51,381,discharge,0,-1
2,1,2,2,1,-44.228275128069384,-41.834055833405635,-42.65744065427281,22,22,16,60,hold,1,0
2,1,2,3,0,-64.8908551041861,-68.84871507044714,-68.98607897174776,1018,560,228,1806,discharge,0,-1
2,1,2,3,1,-59.590983687903034,-62.35060839690865,-64.12032377799743,1172,842,323,2337,discharge,0,-1
2,1,3,0,0,-72.09870923950379,-74.11943494365573,-73.81089400287405,1195,1710,1361,4266,discharge,0,-1
2,1,3,0,1,-54.27130189476767,-56.03150839117854,-55.93785553028646,637,558,423,1618,discharge,0,-1
2,1,3,1,0,-59.04210212032898,-62.74668090859436,-62.00216870312699,1889,949,586,3424,discharge,0,-1
2,1,3,1,1,-49.434698420794646,-49.16089048988124,-47.79672371598946,571,341,218,1130,charge,2,1
2,1,3,2,0,-63.660248822727134,-63.741572916914315,-64.13216295689902,481,152,136,769,discharge,0,-1
2,1,3,2,1,-50.40083802719324,-50.500775274715124,-50.437869321569806,82,61,52,195,discharge,0,-1
2,1,3,3,0,-63.297823348336735,-63.65718386831526,-63.1670222044138,197,201,157,555,charge,2,1
2,1,3,3,1,-58.914632000954974,-59.4686234469033,-58.38037706259012,659,581,385,1625,charge,2,1
2,2,0,0,0,-79.13832013842882,-75.04857067133644,-81.08461567605343,9875,8635,2035,20545,hold,1,0
2,2,0,0,1,-60.172648652285545,-57.246732222183226,-60.62829980690196,287,471,134,892,hold,1,0
2,2,0,1,0,-76.06022259382674,-83.3574671621364,-85.37155499879528,2665,2118,1086,5869,discharge,0,-1
2,2,0,1,1,-63.53961849051841,-66.74581981859787,-69.28771875135799,3220,2046,1030,6296,discharge,0,-1
2,2,0,2,0,-81.39891227201615,-77.74403239057047,-83.53726626191255,235,258,76,569,hold,1,0
2,2,0,2,1,-65.6863288335082,-67.05442998089633,-67.6531340228252,288,146,80,514,discharge,0,-1
2,2,0,3,0,-74.91383324628912,-73.86535434036016,-77.95497300449213,39853,32625,7269,79747,hold,1,0
2,2,0,3,1,-59.10544968309773,-65.46874685341169,-67.50660295395564,20091,12842,2261,35194,discharge,0,-1
2,2,1,0,0,-77.88703542369038,-78.11326643526067,-77.49942538849571,412,558,200,1170,charge,2,1
2,2,1,0,1,-53.61535187199311,-53.7685476681505,-54.19316875952465,42,46,37,125,discharge,0,-1
2,2,1,1,0,-81.64049794578895,-72.58791589561376,-80.93943871246996,356,610,190,1156,hold,1,0
2,2,1,1,1,-65.40310622245906,-61.57881771550176,-65.37086865174108,380,914,248,1542,hold,1,0
2,2,1,2,0,-75.85735648201593,-74.774071311731,-75.78391760061422,55,60,37,152,hold,1,0
2,2,1,2,1,-61.81899606468586,-61.7035624987483,-61.980430111286836,41,40,34,115,hold,1,0
2,2,1,3,0,-68.54105414132482,-74.22902639616161,-75.68351614997077,5978,2191,1003,9172,discharge,0,-1
2,2,1,3,1,-60.36162936363501,-63.138999842409376,-65.45733546637986,3692,1447,551,5690,discharge,0,-1
2,2,2,0,0,-75.52276569062158,-73.70677288906857,-77.02196318489001,2047,3977,865,6889,hold,1,0
2,2,2,0,1,-56.35123332074946,-55.79487601760553,-57.006697745774055,82,105,59,246,hold,1,0
2,2,2,1,0,-71.781873524,-79.21384670003896,-82.07275490705412,898,1468,459,2825,discharge,0,-1
2,2,2,1,1,-64.96833559285969,-60.76566017579771,-64.64329896304031,656,1358,754,2768,hold,1,0
2,2,2,2,0,-75.56843876455758,-75.12503215859799,-75.8281493282339,117,101,59,277,hold,1,0
2,2,2,2,1,-63.89909349818618,-63.84540423302273,-63.96497612486132,104,113,82,299,hold,1,0
2,2,2,3,0,-70.29574228495082,-72.49224656821376,-72.92096543577054,7169,10340,2118,19627,discharge,0,-1
2,2,2,3,1,-60.66322466808819,-62.03867590491368,-63.55068134603891,4995,1828,980,7803,discharge,0,-1
2,2,3,0,0,-74.29840927864673,-73.61409840396365,-74.68384386886946,1526,1433,1037,3996,hold,1,0
2,2,3,0,1,-48.44065327444146,-48.31834700749135,-48.66165617587862,47,47,43,137,hold,1,0
2,2,3,1,0,-75.4986342664931,-75.13422186662224,-76.3706534599093,949,998,803,2750,hold,1,0
2,2,3,1,1,-59.14209839092112,-59.585348207525115,-60.76128872173709,1054,892,648,2594,discharge,0,-1
2,2,3,2,0,-72.95931166027297,-74.25267454316159,-74.4928770106437,176,120,106,402,discharge,0,-1
2,2,3,2,1,-59.19513616589229,-58.76605626494422,-59.1830908537929,104,95,73,272,hold,1,0
2,2,3,3,0,-67.04080667799865,-68.84038958298012,-69.14092533696295,7041,2028,1985,11054,discharge,0,-1
2,2,3,3,1,-57.75830421398585,-59.242864477780635,-59.8190108002773,4294,1159,1060,6513,discharge,0,-1
2,3,0,0,0,-76.95513374805094,-76.85743159785403,-77.1030647062354,48,45,40,133,hold,1,0
2,3,0,0,1,0.0,0.0,0.0,0,0,0,0,hold,1,0
2,3,0,1,0,-89.74113370949189,-85.46075476509445,-89.18153831074439,17085,17710,11070,45865,hold,1,0
2,3,0,1,1,-70.79448438543099,-67.37381461166991,-71.67856208906821,3787,2802,843,7432,hold,1,0
2,3,0,2,0,-83.3593086892332,-81.01554805801649,-85.2293170103403,5656,4978,1373,12007,hold,1,0
2,3,0,2,1,-69.66749686157245,-68.73865692866218,-71.86964317495388,930,938,216,2084,hold,1,0
2,3,0,3,0,-75.45414154837889,-77.78008600963591,-79.85093027676578,31900,27695,7248,66843,discharge,0,-1
2,3,0,3,1,-66.54303853818884,-67.14977485367356,-69.81884421414472,2407,1243,271,3921,discharge,0,-1
2,3,1,0,0,0.0,0.0,0.0,0,0,0,0,hold,1,0
2,3,1,0,1,0.0,0.0,0.0,0,0,0,0,hold,1,0
2,3,1,1,0,-76.1867617528441,-80.56292370495527,-86.3487750743773,3076,5242,1770,10088,discharge,0,-1
2,3,1,1,1,-68.34807332259302,-67.67542006532032,-68.51944853860508,436,1003,309,1748,hold,1,0
2,3,1,2,0,-78.43166978780815,-80.4716236380269,-81.80329512611985,1839,1806,491,4136,discharge,0,-1
2,3,1,2,1,-65.5941597485227,-66.47497499487051,-66.45656049583607,243,280,93,616,discharge,0,-1
2,3,1,3,0,-70.7907049525794,-76.59409754228567,-79.43479052529672,7564,3316,1150,12030,discharge,0,-1
2,3,1,3,1,-62.26825446982419,-64.9227954158151,-65.10845787890581,782,361,124,1267,discharge,0,-1
2,3,2,0,0,-59.42869249018945,-59.43469556862077,-59.44864611869974,19,20,18,57,discharge,0,-1
2,3,2,0,1,0.0,0.0,0.0,0,0,0,0,hold,1,0
2,3,2,1,0,-77.56106883718844,-85.12439842226698,-81.37067526059391,6424,6019,5583,18026,discharge,0,-1
2,3,2,1,1,-63.736906068223256,-67.29910845455154,-67.76168714778466,960,1237,584,2781,discharge,0,-1
2,3,2,2,0,-76.56634612544408,-81.1108478689553,-80.67526522547726,2454,2255,534,5243,discharge,0,-1
2,3,2,2,1,-64.09792008890547,-65.90994823095876,-65.93516842636575,331,340,123,794,discharge,0,-1
2,3,2,3,0,-67.45651483480556,-73.93872217275192,-74.53348990636225,7133,8707,1797,17637,discharge,0,-1
2,3,2,3,1,-61.87103523883685,-63.50382655781865,-64.10853450932355,990,280,146,1416,discharge,0,-1
2,3,3,0,0,-15.625902110771758,-15.847260583067593,-12.657125813375632,3,3,4,10,charge,2,1
2,3,3,0,1,0.0,0.0,0.0,0,0,0,0,hold,1,0
2,3,3,1,0,-74.90120439217087,-81.3494594375567,-79.4656471283097,8345,4586,4290,17221,discharge,0,-1
2,3,3,1,1,-62.63125198079264,-62.642602932314986,-61.756989067509856,1432,785,622,2839,charge,2,1
2,3,3,2,0,-72.79266931609745,-76.12327781363416,-75.91756327875707,4389,1255,1170,6814,discharge,0,-1
2,3,3,2,1,-60.422916592069804,-62.021024326810306,-61.97374907661682,541,190,175,906,discharge,0,-1
2,3,3,3,0,-67.26821512957166,-71.00253505051258,-72.10492905442727,8539,3443,2908,14890,discharge,0,-1
2,3,3,3,1,-58.165800344479536,-60.361801525822955,-60.79918838308813,1331,244,221,1796,discharge,0,-1
